[{"model": "admin.logentry", "pk": 1, "fields": {"action_time": "2025-07-08T20:58:04.476Z", "user": 1, "content_type": 7, "object_id": "1", "object_repr": "gamer (сотрудник отдела кадров)", "action_flag": 1, "change_message": "[{\"added\": {}}]"}}, {"model": "admin.logentry", "pk": 2, "fields": {"action_time": "2025-07-08T21:00:16.387Z", "user": 1, "content_type": 4, "object_id": "2", "object_repr": "danik", "action_flag": 1, "change_message": "[{\"added\": {}}]"}}, {"model": "admin.logentry", "pk": 3, "fields": {"action_time": "2025-07-08T21:00:34.219Z", "user": 1, "content_type": 4, "object_id": "3", "object_repr": "vlad", "action_flag": 1, "change_message": "[{\"added\": {}}]"}}, {"model": "admin.logentry", "pk": 4, "fields": {"action_time": "2025-07-08T21:00:47.893Z", "user": 1, "content_type": 4, "object_id": "4", "object_repr": "vanya", "action_flag": 1, "change_message": "[{\"added\": {}}]"}}, {"model": "admin.logentry", "pk": 5, "fields": {"action_time": "2025-07-08T21:01:24.642Z", "user": 1, "content_type": 7, "object_id": "2", "object_repr": "danik (сотрудник отдела кадров)", "action_flag": 1, "change_message": "[{\"added\": {}}]"}}, {"model": "admin.logentry", "pk": 6, "fields": {"action_time": "2025-07-08T21:01:42.217Z", "user": 1, "content_type": 7, "object_id": "3", "object_repr": "vanya (кандидат)", "action_flag": 1, "change_message": "[{\"added\": {}}]"}}, {"model": "admin.logentry", "pk": 7, "fields": {"action_time": "2025-07-08T21:02:10.315Z", "user": 1, "content_type": 7, "object_id": "4", "object_repr": "vlad (кандидат)", "action_flag": 1, "change_message": "[{\"added\": {}}]"}}, {"model": "admin.logentry", "pk": 8, "fields": {"action_time": "2025-08-14T16:05:22.963Z", "user": 5, "content_type": 7, "object_id": "5", "object_repr": "vatslav (кандидат)", "action_flag": 2, "change_message": "[{\"changed\": {\"fields\": [\"\\u0418\\u043c\\u044f \\u0438 \\u0444\\u0430\\u043c\\u0438\\u043b\\u0438\\u044f\", \"\\u0425\\u0430\\u0440\\u0430\\u043a\\u0442\\u0435\\u0440\\u0438\\u0441\\u0442\\u0438\\u043a\\u0430\", \"\\u041a\\u043e\\u043b\\u0438\\u0447\\u0435\\u0441\\u0442\\u0432\\u043e \\u043f\\u0440\\u043e\\u0439\\u0434\\u0435\\u043d\\u043d\\u044b\\u0445 \\u0441\\u043e\\u0431\\u0435\\u0441\\u0435\\u0434\\u043e\\u0432\\u0430\\u043d\\u0438\\u0439\", \"\\u0423\\u0441\\u043f\\u0435\\u0448\\u043d\\u044b\\u0435 \\u0441\\u043e\\u0431\\u0435\\u0441\\u0435\\u0434\\u043e\\u0432\\u0430\\u043d\\u0438\\u044f\", \"\\u041d\\u0435\\u0443\\u0434\\u0430\\u0447\\u043d\\u044b\\u0435 \\u0441\\u043e\\u0431\\u0435\\u0441\\u0435\\u0434\\u043e\\u0432\\u0430\\u043d\\u0438\\u044f\"]}}]"}}, {"model": "admin.logentry", "pk": 9, "fields": {"action_time": "2025-08-16T14:16:52.702Z", "user": 5, "content_type": 7, "object_id": "6", "object_repr": "userCandidate (администратор)", "action_flag": 2, "change_message": "[{\"changed\": {\"fields\": [\"\\u0422\\u0438\\u043f \\u043f\\u043e\\u043b\\u044c\\u0437\\u043e\\u0432\\u0430\\u0442\\u0435\\u043b\\u044f\"]}}]"}}, {"model": "auth.user", "pk": 1, "fields": {"password": "pbkdf2_sha256$1000000$5sjAVPiv4quClZWdAuvVw3$LP3QCLcz19CLaY4zSvchmPvTycsZsFrZuMGDnr6MgI8=", "last_login": "2025-07-09T12:27:55.238Z", "is_superuser": true, "username": "gamer", "first_name": "", "last_name": "", "email": "", "is_staff": true, "is_active": true, "date_joined": "2025-07-08T20:54:54.525Z", "groups": [], "user_permissions": []}}, {"model": "auth.user", "pk": 2, "fields": {"password": "pbkdf2_sha256$1000000$BTJ9vLi7HgFmWRVXHIRv8S$e8LSbtcp+RwIFFSXJ99KFc2UwktAQi4OwBaRJgcGtRI=", "last_login": null, "is_superuser": false, "username": "danik", "first_name": "", "last_name": "", "email": "", "is_staff": false, "is_active": true, "date_joined": "2025-07-08T21:00:16.055Z", "groups": [], "user_permissions": []}}, {"model": "auth.user", "pk": 3, "fields": {"password": "pbkdf2_sha256$1000000$2kyWDkxhXDvOSvwAqSHBdk$Cy7N3GyIxifaZctaec9i9MDk42xZ7EQFTZD9BfhanDE=", "last_login": null, "is_superuser": false, "username": "vlad", "first_name": "", "last_name": "", "email": "", "is_staff": false, "is_active": true, "date_joined": "2025-07-08T21:00:33.887Z", "groups": [], "user_permissions": []}}, {"model": "auth.user", "pk": 4, "fields": {"password": "pbkdf2_sha256$1000000$8y8RCl0jYF7Aaw0tHqYnTU$ctCRm3cxAdvMNvCwOyxyY9slGoJaz9es/CG6AgOZTEw=", "last_login": null, "is_superuser": false, "username": "vanya", "first_name": "", "last_name": "", "email": "", "is_staff": false, "is_active": true, "date_joined": "2025-07-08T21:00:47.558Z", "groups": [], "user_permissions": []}}, {"model": "auth.user", "pk": 5, "fields": {"password": "pbkdf2_sha256$1000000$xsCY4cX7GCrvC7TPWUKORP$Zo2SbXMjpAF7FydNV0l024G/XWIXPS5crXrEzKlyXoA=", "last_login": "2025-08-14T16:02:13.043Z", "is_superuser": true, "username": "vatslav", "first_name": "", "last_name": "", "email": "danila2025d@gmail.com", "is_staff": true, "is_active": true, "date_joined": "2025-07-22T12:43:20.932Z", "groups": [], "user_permissions": []}}, {"model": "auth.user", "pk": 6, "fields": {"password": "pbkdf2_sha256$1000000$nrPBg8Muc7YGISnZHZJO1N$Hjov9EEO6VeDeM/fifcpX6weNT+Zlw8F26fZGeS5XiA=", "last_login": null, "is_superuser": false, "username": "userCandidate", "first_name": "", "last_name": "", "email": "", "is_staff": false, "is_active": true, "date_joined": "2025-08-16T12:54:37.793Z", "groups": [], "user_permissions": []}}, {"model": "auth.user", "pk": 7, "fields": {"password": "pbkdf2_sha256$1000000$D3JANnrTAyxEnjPGQQG4xi$ZDVpEzq7/e20y7Gkllu/mT2fUHNCqHR8/W6z3se/cL0=", "last_login": null, "is_superuser": false, "username": "userHR", "first_name": "", "last_name": "", "email": "", "is_staff": false, "is_active": true, "date_joined": "2025-08-16T13:07:57.841Z", "groups": [], "user_permissions": []}}, {"model": "sessions.session", "pk": "005iw0uojoltf94egi4c48xdfues0gi5", "fields": {"session_data": ".eJxVjMsOwiAQRf-FtSFQeQwu3fcbyMAMUjU0Ke3K-O_apAvd3nPOfYmI21rj1nmJE4mLsOL0uyXMD247oDu22yzz3NZlSnJX5EG7HGfi5_Vw_w4q9vqtFXjwAc5BJ6fB51xK4AGSA2YMxhMoZSkkYGM1s7PAacgFUWEphEa8P9jdOIw:1umaP7:ZVWHLntP4zWA-nd11jnqReesANN5nNiJqhkXh8VfaPw", "expire_date": "2025-08-28T16:02:13.049Z"}}, {"model": "sessions.session", "pk": "fsyn7r04ixo8vz0pm9f77v7iugh3zg65", "fields": {"session_data": ".eJxVjDsOgzAQBe_iOrKEzdrrlOlzBrQfCCSRLWGoUO4ekCiSdmbe20xH6zJ2a-3nblJzNY25_DImefX5EPqk_ChWSl7mie2R2NNWey_av29n-3cwUh33tThREEWixDF6wOhkiG2LgyYKjccdcwLvOGjCCC5JIwEA2QMH8ubzBeuLN5c:1uZTW0:6uI-0jHkbQXv9lG43EDM4-4KlxmpwUXsPVTdfT6mhNg", "expire_date": "2025-07-23T12:03:08.332Z"}}, {"model": "sessions.session", "pk": "h2041m2g3jgif87lxhalv93713j5psv3", "fields": {"session_data": ".eJxVjDsOgzAQBe_iOrKEzdrrlOlzBrQfCCSRLWGoUO4ekCiSdmbe20xH6zJ2a-3nblJzNY25_DImefX5EPqk_ChWSl7mie2R2NNWey_av29n-3cwUh33tThREEWixDF6wOhkiG2LgyYKjccdcwLvOGjCCC5JIwEA2QMH8ubzBeuLN5c:1uZTtz:-Ou0-9h9Ja9XzXlhTl5CmUf9-hL9jqN8svSTFdRGFY4", "expire_date": "2025-07-23T12:27:55.250Z"}}, {"model": "sessions.session", "pk": "xq2883fhmkxf5fhzoxf5og4scmr1vsik", "fields": {"session_data": ".eJxVjDsOgzAQBe_iOrKEzdrrlOlzBrQfCCSRLWGoUO4ekCiSdmbe20xH6zJ2a-3nblJzNY25_DImefX5EPqk_ChWSl7mie2R2NNWey_av29n-3cwUh33tThREEWixDF6wOhkiG2LgyYKjccdcwLvOGjCCC5JIwEA2QMH8ubzBeuLN5c:1uZFLE:M3JezqBLb5R879Y7WgmzfpvEh_bOWjRhwsqZDKQPQ3Q", "expire_date": "2025-07-22T20:55:04.516Z"}}, {"model": "token_blacklist.outstandingtoken", "pk": 1, "fields": {"user": 5, "jti": "9bfe7de9097d4c13a1e010900392fbbc", "token": "eyJhbGciOiJIUzI1NiIsInR5cCI6IkpXVCJ9.eyJ0b2tlbl90eXBlIjoicmVmcmVzaCIsImV4cCI6MTc1NTEwNzAzNCwiaWF0IjoxNzU1MDIwNjM0LCJqdGkiOiI5YmZlN2RlOTA5N2Q0YzEzYTFlMDEwOTAwMzkyZmJiYyIsInVzZXJfaWQiOiI1In0.WpQu_cTgj_p-9Qa0RzZDJfaA4SKSiQiYwB6lUUgK7qk", "created_at": "2025-08-12T17:43:54.321Z", "expires_at": "2025-08-13T17:43:54Z"}}, {"model": "token_blacklist.outstandingtoken", "pk": 2, "fields": {"user": 5, "jti": "bfab79cb7ffa48b0a95ab90f1ea50ba0", "token": "eyJhbGciOiJIUzI1NiIsInR5cCI6IkpXVCJ9.eyJ0b2tlbl90eXBlIjoicmVmcmVzaCIsImV4cCI6MTc1NTE4MjQzNywiaWF0IjoxNzU1MDk2MDM3LCJqdGkiOiJiZmFiNzljYjdmZmE0OGIwYTk1YWI5MGYxZWE1MGJhMCIsInVzZXJfaWQiOiI1In0.5kaz-RfzDnMI68JIPoSCZhcfug2-U5NUTwmdPh_QlX4", "created_at": "2025-08-13T14:40:37.970Z", "expires_at": "2025-08-14T14:40:37Z"}}, {"model": "token_blacklist.outstandingtoken", "pk": 3, "fields": {"user": 5, "jti": "f7247929e6ca47409c3591d823b0d1f1", "token": "eyJhbGciOiJIUzI1NiIsInR5cCI6IkpXVCJ9.eyJ0b2tlbl90eXBlIjoicmVmcmVzaCIsImV4cCI6MTc1NTE4MjU2NCwiaWF0IjoxNzU1MDk2MTY0LCJqdGkiOiJmNzI0NzkyOWU2Y2E0NzQwOWMzNTkxZDgyM2IwZDFmMSIsInVzZXJfaWQiOiI1In0.vdK4licCee5mDhQfA-KjnYMDXVrKO_ycpFZqQ9Ibr-4", "created_at": "2025-08-13T14:42:44.175Z", "expires_at": "2025-08-14T14:42:44Z"}}, {"model": "token_blacklist.outstandingtoken", "pk": 4, "fields": {"user": 5, "jti": "f7cb096d7d3c4b4f938533f6c9cc7c9f", "token": "eyJhbGciOiJIUzI1NiIsInR5cCI6IkpXVCJ9.eyJ0b2tlbl90eXBlIjoicmVmcmVzaCIsImV4cCI6MTc1NTE4NDI5NywiaWF0IjoxNzU1MDk3ODk3LCJqdGkiOiJmN2NiMDk2ZDdkM2M0YjRmOTM4NTMzZjZjOWNjN2M5ZiIsInVzZXJfaWQiOiI1In0.0qUW3ogQ7VnDnPg6SWUD2TbULd8uZVaSBxGy5oi8X_Y", "created_at": "2025-08-13T15:11:37.933Z", "expires_at": "2025-08-14T15:11:37Z"}}, {"model": "token_blacklist.outstandingtoken", "pk": 5, "fields": {"user": 5, "jti": "939742dd695544a99e74bc9fa06c43a1", "token": "eyJhbGciOiJIUzI1NiIsInR5cCI6IkpXVCJ9.eyJ0b2tlbl90eXBlIjoicmVmcmVzaCIsImV4cCI6MTc1NTE4NDMwNSwiaWF0IjoxNzU1MDk3OTA1LCJqdGkiOiI5Mzk3NDJkZDY5NTU0NGE5OWU3NGJjOWZhMDZjNDNhMSIsInVzZXJfaWQiOiI1In0.ffLH4vA8WJ-B_B21_wyYXDPT7KcXR-DxGs_XB3enx6w", "created_at": "2025-08-13T15:11:45.822Z", "expires_at": "2025-08-14T15:11:45Z"}}, {"model": "token_blacklist.outstandingtoken", "pk": 6, "fields": {"user": 5, "jti": "544009b7851040c4824450e4f9bc08d8", "token": "eyJhbGciOiJIUzI1NiIsInR5cCI6IkpXVCJ9.eyJ0b2tlbl90eXBlIjoicmVmcmVzaCIsImV4cCI6MTc1NTE4NDY0MSwiaWF0IjoxNzU1MDk4MjQxLCJqdGkiOiI1NDQwMDliNzg1MTA0MGM0ODI0NDUwZTRmOWJjMDhkOCIsInVzZXJfaWQiOiI1In0.jhrqEwlWasd19lidSMdiRyH_Uz6-rudGBGynJxAvF4c", "created_at": "2025-08-13T15:17:21.449Z", "expires_at": "2025-08-14T15:17:21Z"}}, {"model": "token_blacklist.outstandingtoken", "pk": 7, "fields": {"user": 5, "jti": "a84541edc675499092c1e72256c0bbe7", "token": "eyJhbGciOiJIUzI1NiIsInR5cCI6IkpXVCJ9.eyJ0b2tlbl90eXBlIjoicmVmcmVzaCIsImV4cCI6MTc1NTE4NjAwNiwiaWF0IjoxNzU1MDk5NjA2LCJqdGkiOiJhODQ1NDFlZGM2NzU0OTkwOTJjMWU3MjI1NmMwYmJlNyIsInVzZXJfaWQiOiI1In0.ZfTvy2Y6d9f232t3YqXiHVaFL2QDysCespIChEXaDvM", "created_at": "2025-08-13T15:40:06.059Z", "expires_at": "2025-08-14T15:40:06Z"}}, {"model": "token_blacklist.outstandingtoken", "pk": 8, "fields": {"user": 5, "jti": "e6b43c6daf714770a2591a36f83fec2a", "token": "eyJhbGciOiJIUzI1NiIsInR5cCI6IkpXVCJ9.eyJ0b2tlbl90eXBlIjoicmVmcmVzaCIsImV4cCI6MTc1NTE4NjAwNywiaWF0IjoxNzU1MDk5NjA3LCJqdGkiOiJlNmI0M2M2ZGFmNzE0NzcwYTI1OTFhMzZmODNmZWMyYSIsInVzZXJfaWQiOiI1In0.QDvDpsLhBaMHklFNbFMS9d3ie_ya5uA_8uiaRi1vE0k", "created_at": "2025-08-13T15:40:07.460Z", "expires_at": "2025-08-14T15:40:07Z"}}, {"model": "token_blacklist.outstandingtoken", "pk": 9, "fields": {"user": 5, "jti": "c215f8d508414ed2a471fe35e4b82e22", "token": "eyJhbGciOiJIUzI1NiIsInR5cCI6IkpXVCJ9.eyJ0b2tlbl90eXBlIjoicmVmcmVzaCIsImV4cCI6MTc1NTE4NjAwOSwiaWF0IjoxNzU1MDk5NjA5LCJqdGkiOiJjMjE1ZjhkNTA4NDE0ZWQyYTQ3MWZlMzVlNGI4MmUyMiIsInVzZXJfaWQiOiI1In0.FI5gEsjI7g2iPSdLRIr7Df40bc18wqt54j4EFTUj5uA", "created_at": "2025-08-13T15:40:09.195Z", "expires_at": "2025-08-14T15:40:09Z"}}, {"model": "token_blacklist.outstandingtoken", "pk": 10, "fields": {"user": 5, "jti": "7410ea94b88d4228b9b869ad87d13ab2", "token": "eyJhbGciOiJIUzI1NiIsInR5cCI6IkpXVCJ9.eyJ0b2tlbl90eXBlIjoicmVmcmVzaCIsImV4cCI6MTc1NTE4NjMxMywiaWF0IjoxNzU1MDk5OTEzLCJqdGkiOiI3NDEwZWE5NGI4OGQ0MjI4YjliODY5YWQ4N2QxM2FiMiIsInVzZXJfaWQiOiI1In0.CdHlcJVfNSkXxzUdD4n0vL5ykyq2EuvkVHgqEfXxmj8", "created_at": "2025-08-13T15:45:13.430Z", "expires_at": "2025-08-14T15:45:13Z"}}, {"model": "token_blacklist.outstandingtoken", "pk": 11, "fields": {"user": 5, "jti": "4054f33dd73f468d8d38e42ebb486a4e", "token": "eyJhbGciOiJIUzI1NiIsInR5cCI6IkpXVCJ9.eyJ0b2tlbl90eXBlIjoicmVmcmVzaCIsImV4cCI6MTc1NTE4NjM2NywiaWF0IjoxNzU1MDk5OTY3LCJqdGkiOiI0MDU0ZjMzZGQ3M2Y0NjhkOGQzOGU0MmViYjQ4NmE0ZSIsInVzZXJfaWQiOiI1In0.oxev_VJC7cX2Akr_zkBsKa6PrlnfdYbJppBGvKxvvl0", "created_at": "2025-08-13T15:46:07.966Z", "expires_at": "2025-08-14T15:46:07Z"}}, {"model": "token_blacklist.outstandingtoken", "pk": 12, "fields": {"user": 5, "jti": "ccd6129b72c04a6faf3db762cdac34ef", "token": "eyJhbGciOiJIUzI1NiIsInR5cCI6IkpXVCJ9.eyJ0b2tlbl90eXBlIjoicmVmcmVzaCIsImV4cCI6MTc1NTE4NzMzNSwiaWF0IjoxNzU1MTAwOTM1LCJqdGkiOiJjY2Q2MTI5YjcyYzA0YTZmYWYzZGI3NjJjZGFjMzRlZiIsInVzZXJfaWQiOiI1In0.ZV5Cnb9AFDo5z6HdNu6gphMzw2weLLMZq8U2U0algB4", "created_at": "2025-08-13T16:02:15.908Z", "expires_at": "2025-08-14T16:02:15Z"}}, {"model": "token_blacklist.outstandingtoken", "pk": 13, "fields": {"user": 5, "jti": "9974219534274373b83d3576f404e41b", "token": "eyJhbGciOiJIUzI1NiIsInR5cCI6IkpXVCJ9.eyJ0b2tlbl90eXBlIjoicmVmcmVzaCIsImV4cCI6MTc1NTE4NzM1OCwiaWF0IjoxNzU1MTAwOTU4LCJqdGkiOiI5OTc0MjE5NTM0Mjc0MzczYjgzZDM1NzZmNDA0ZTQxYiIsInVzZXJfaWQiOiI1In0.YpCZsTrAskd1xBx0Dx1yeNK2_UPDaOW_U5_P0ngmZFM", "created_at": "2025-08-13T16:02:38.963Z", "expires_at": "2025-08-14T16:02:38Z"}}, {"model": "token_blacklist.outstandingtoken", "pk": 14, "fields": {"user": 5, "jti": "e8c0f957a7bc46c79150075dfa12e389", "token": "eyJhbGciOiJIUzI1NiIsInR5cCI6IkpXVCJ9.eyJ0b2tlbl90eXBlIjoicmVmcmVzaCIsImV4cCI6MTc1NTE4NzY0MywiaWF0IjoxNzU1MTAxMjQzLCJqdGkiOiJlOGMwZjk1N2E3YmM0NmM3OTE1MDA3NWRmYTEyZTM4OSIsInVzZXJfaWQiOiI1In0.zgYdb3xxgqpj9nXopgQUN0ZgqCUmARa-Bflgrm4TnM4", "created_at": "2025-08-13T16:07:23.251Z", "expires_at": "2025-08-14T16:07:23Z"}}, {"model": "token_blacklist.outstandingtoken", "pk": 15, "fields": {"user": 5, "jti": "c9de3ae52ff148df9f8faae0bca1ed1f", "token": "eyJhbGciOiJIUzI1NiIsInR5cCI6IkpXVCJ9.eyJ0b2tlbl90eXBlIjoicmVmcmVzaCIsImV4cCI6MTc1NTE4ODEzNiwiaWF0IjoxNzU1MTAxNzM2LCJqdGkiOiJjOWRlM2FlNTJmZjE0OGRmOWY4ZmFhZTBiY2ExZWQxZiIsInVzZXJfaWQiOiI1In0.R87S4EdBu4RSYmmYysCx-Mk1VlxHZxvDmRsU_epQPjk", "created_at": "2025-08-13T16:15:36.916Z", "expires_at": "2025-08-14T16:15:36Z"}}, {"model": "token_blacklist.outstandingtoken", "pk": 16, "fields": {"user": 5, "jti": "15794599e4204ca5a199a3babee9b2e2", "token": "eyJhbGciOiJIUzI1NiIsInR5cCI6IkpXVCJ9.eyJ0b2tlbl90eXBlIjoicmVmcmVzaCIsImV4cCI6MTc1NTI0NjM0MywiaWF0IjoxNzU1MTU5OTQzLCJqdGkiOiIxNTc5NDU5OWU0MjA0Y2E1YTE5OWEzYmFiZWU5YjJlMiIsInVzZXJfaWQiOiI1In0.b2T_EktC4tIlY4BQ6wQuxjN9FdT_bp_TmbMIRUwAbvM", "created_at": "2025-08-14T08:25:43.012Z", "expires_at": "2025-08-15T08:25:43Z"}}, {"model": "token_blacklist.outstandingtoken", "pk": 17, "fields": {"user": 5, "jti": "7d30d1f53ded4efe91edd2b928ca9313", "token": "eyJhbGciOiJIUzI1NiIsInR5cCI6IkpXVCJ9.eyJ0b2tlbl90eXBlIjoicmVmcmVzaCIsImV4cCI6MTc1NTI0NjczMSwiaWF0IjoxNzU1MTYwMzMxLCJqdGkiOiI3ZDMwZDFmNTNkZWQ0ZWZlOTFlZGQyYjkyOGNhOTMxMyIsInVzZXJfaWQiOiI1In0.vKihHz922CRU4S8oVrMl1kY1FOu7IIXe7SU9mo6Ztvk", "created_at": "2025-08-14T08:32:11.406Z", "expires_at": "2025-08-15T08:32:11Z"}}, {"model": "token_blacklist.outstandingtoken", "pk": 18, "fields": {"user": 5, "jti": "53fedcf8f3624d47a84e9f7e68de57c3", "token": "eyJhbGciOiJIUzI1NiIsInR5cCI6IkpXVCJ9.eyJ0b2tlbl90eXBlIjoicmVmcmVzaCIsImV4cCI6MTc1NTI0NzIyOCwiaWF0IjoxNzU1MTYwODI4LCJqdGkiOiI1M2ZlZGNmOGYzNjI0ZDQ3YTg0ZTlmN2U2OGRlNTdjMyIsInVzZXJfaWQiOiI1In0.loavUbD8RALE5U2QL5AFr7anqUaO2PHk-H_ZVeZTtmA", "created_at": "2025-08-14T08:40:28.311Z", "expires_at": "2025-08-15T08:40:28Z"}}, {"model": "token_blacklist.outstandingtoken", "pk": 19, "fields": {"user": 5, "jti": "e0af96e4e1a34915b905e40be1fd5f4b", "token": "eyJhbGciOiJIUzI1NiIsInR5cCI6IkpXVCJ9.eyJ0b2tlbl90eXBlIjoicmVmcmVzaCIsImV4cCI6MTc1NTI0ODI0NSwiaWF0IjoxNzU1MTYxODQ1LCJqdGkiOiJlMGFmOTZlNGUxYTM0OTE1YjkwNWU0MGJlMWZkNWY0YiIsInVzZXJfaWQiOiI1In0.e9EI6jfdm1WAV-eJdgLdaWAPTM5w9XFGFPzMMxH3qVE", "created_at": "2025-08-14T08:57:25.649Z", "expires_at": "2025-08-15T08:57:25Z"}}, {"model": "token_blacklist.outstandingtoken", "pk": 20, "fields": {"user": 5, "jti": "34b8be69c1ad4dd3b7127f9f6ce6dca9", "token": "eyJhbGciOiJIUzI1NiIsInR5cCI6IkpXVCJ9.eyJ0b2tlbl90eXBlIjoicmVmcmVzaCIsImV4cCI6MTc1NTI0ODI3OCwiaWF0IjoxNzU1MTYxODc4LCJqdGkiOiIzNGI4YmU2OWMxYWQ0ZGQzYjcxMjdmOWY2Y2U2ZGNhOSIsInVzZXJfaWQiOiI1In0.gwQ6HKDO9diaUEEV7MLGfv0ynMU-_04bidgbfa3abEw", "created_at": "2025-08-14T08:57:58.578Z", "expires_at": "2025-08-15T08:57:58Z"}}, {"model": "token_blacklist.outstandingtoken", "pk": 21, "fields": {"user": 5, "jti": "bcead1fe0dc94f509b4744b51255d23a", "token": "eyJhbGciOiJIUzI1NiIsInR5cCI6IkpXVCJ9.eyJ0b2tlbl90eXBlIjoicmVmcmVzaCIsImV4cCI6MTc1NTI0ODMzNSwiaWF0IjoxNzU1MTYxOTM1LCJqdGkiOiJiY2VhZDFmZTBkYzk0ZjUwOWI0NzQ0YjUxMjU1ZDIzYSIsInVzZXJfaWQiOiI1IiwidXNlcm5hbWUiOiJ2YXRzbGF2In0.fmT-Avk9TyHAUQANJqDrOOo5wbmOoueIXh-8l9smJcQ", "created_at": "2025-08-14T08:58:55.544Z", "expires_at": "2025-08-15T08:58:55Z"}}, {"model": "token_blacklist.outstandingtoken", "pk": 22, "fields": {"user": 5, "jti": "d289a13da1fe4d369a0fd71bd09c7d23", "token": "eyJhbGciOiJIUzI1NiIsInR5cCI6IkpXVCJ9.eyJ0b2tlbl90eXBlIjoicmVmcmVzaCIsImV4cCI6MTc1NTI0ODM0OSwiaWF0IjoxNzU1MTYxOTQ5LCJqdGkiOiJkMjg5YTEzZGExZmU0ZDM2OWEwZmQ3MWJkMDljN2QyMyIsInVzZXJfaWQiOiI1In0.xmlIFeU-QHs8nXNkEacZt3flOgzAneGOuPqW4l0phhc", "created_at": "2025-08-14T08:59:09.845Z", "expires_at": "2025-08-15T08:59:09Z"}}, {"model": "token_blacklist.outstandingtoken", "pk": 23, "fields": {"user": 5, "jti": "fc2346bf4a964467b52a2367b5a98487", "token": "eyJhbGciOiJIUzI1NiIsInR5cCI6IkpXVCJ9.eyJ0b2tlbl90eXBlIjoicmVmcmVzaCIsImV4cCI6MTc1NTI0ODM1OCwiaWF0IjoxNzU1MTYxOTU4LCJqdGkiOiJmYzIzNDZiZjRhOTY0NDY3YjUyYTIzNjdiNWE5ODQ4NyIsInVzZXJfaWQiOiI1In0.pXcilvAvrzRMV_CAoMjJ8kBfyRZCmVcVZJtnQ8MFYOA", "created_at": "2025-08-14T08:59:18.853Z", "expires_at": "2025-08-15T08:59:18Z"}}, {"model": "token_blacklist.outstandingtoken", "pk": 24, "fields": {"user": 5, "jti": "b6980bc900eb448cad9a7a4de5ad0129", "token": "eyJhbGciOiJIUzI1NiIsInR5cCI6IkpXVCJ9.eyJ0b2tlbl90eXBlIjoicmVmcmVzaCIsImV4cCI6MTc1NTI0ODM3NCwiaWF0IjoxNzU1MTYxOTc0LCJqdGkiOiJiNjk4MGJjOTAwZWI0NDhjYWQ5YTdhNGRlNWFkMDEyOSIsInVzZXJfaWQiOiI1In0.YqMlOZuC1eXCel2n72v4634fOzIhX2W4h69-SffXdnU", "created_at": "2025-08-14T08:59:34.649Z", "expires_at": "2025-08-15T08:59:34Z"}}, {"model": "token_blacklist.outstandingtoken", "pk": 25, "fields": {"user": 5, "jti": "43c4c645c77d44bbb9e1d3035c911929", "token": "eyJhbGciOiJIUzI1NiIsInR5cCI6IkpXVCJ9.eyJ0b2tlbl90eXBlIjoicmVmcmVzaCIsImV4cCI6MTc1NTI0ODM3OCwiaWF0IjoxNzU1MTYxOTc4LCJqdGkiOiI0M2M0YzY0NWM3N2Q0NGJiYjllMWQzMDM1YzkxMTkyOSIsInVzZXJfaWQiOiI1IiwidXNlcm5hbWUiOiJ2YXRzbGF2In0.oHpmxI2udenPfLy-y3UkIdHxvfgszlxeYoWvsE62NHg", "created_at": "2025-08-14T08:59:38.874Z", "expires_at": "2025-08-15T08:59:38Z"}}, {"model": "token_blacklist.outstandingtoken", "pk": 26, "fields": {"user": 5, "jti": "f5199f5b034f48bda3ddd881633b0e7f", "token": "eyJhbGciOiJIUzI1NiIsInR5cCI6IkpXVCJ9.eyJ0b2tlbl90eXBlIjoicmVmcmVzaCIsImV4cCI6MTc1NTI0ODQxMiwiaWF0IjoxNzU1MTYyMDEyLCJqdGkiOiJmNTE5OWY1YjAzNGY0OGJkYTNkZGQ4ODE2MzNiMGU3ZiIsInVzZXJfaWQiOiI1IiwidXNlcm5hbWUiOiJ2YXRzbGF2In0.o-74RdP-QlYflVLia4bZa8LHaJxGzV_D9mR43RkFRJY", "created_at": "2025-08-14T09:00:12.493Z", "expires_at": "2025-08-15T09:00:12Z"}}, {"model": "token_blacklist.outstandingtoken", "pk": 27, "fields": {"user": 5, "jti": "1278da3a65734b618c894f0abff3e548", "token": "eyJhbGciOiJIUzI1NiIsInR5cCI6IkpXVCJ9.eyJ0b2tlbl90eXBlIjoicmVmcmVzaCIsImV4cCI6MTc1NTI3MzI2NywiaWF0IjoxNzU1MTg2ODY3LCJqdGkiOiIxMjc4ZGEzYTY1NzM0YjYxOGM4OTRmMGFiZmYzZTU0OCIsInVzZXJfaWQiOiI1In0.-qW5j6yjyuqWBHmA-MqVNBCWR6eQ2jTWaph-DdZrC_A", "created_at": "2025-08-14T15:54:27.493Z", "expires_at": "2025-08-15T15:54:27Z"}}, {"model": "token_blacklist.outstandingtoken", "pk": 28, "fields": {"user": 5, "jti": "199d768c3a9a4018acefefee978f5b88", "token": "eyJhbGciOiJIUzI1NiIsInR5cCI6IkpXVCJ9.eyJ0b2tlbl90eXBlIjoicmVmcmVzaCIsImV4cCI6MTc1NTI3MzMwMywiaWF0IjoxNzU1MTg2OTAzLCJqdGkiOiIxOTlkNzY4YzNhOWE0MDE4YWNlZmVmZWU5NzhmNWI4OCIsInVzZXJfaWQiOiI1In0.78P-Q4vq36GeyZNuuNhqQJ2-c7GY_QJlODnUFGejebY", "created_at": "2025-08-14T15:55:03.043Z", "expires_at": "2025-08-15T15:55:03Z"}}, {"model": "token_blacklist.outstandingtoken", "pk": 29, "fields": {"user": 5, "jti": "2774442161a048e49e747b8e8dd2e8cc", "token": "eyJhbGciOiJIUzI1NiIsInR5cCI6IkpXVCJ9.eyJ0b2tlbl90eXBlIjoicmVmcmVzaCIsImV4cCI6MTc1NTI3MzU1MywiaWF0IjoxNzU1MTg3MTUzLCJqdGkiOiIyNzc0NDQyMTYxYTA0OGU0OWU3NDdiOGU4ZGQyZThjYyIsInVzZXJfaWQiOiI1IiwidXNlcm5hbWUiOiJ2YXRzbGF2In0.WZ_lXwYjGju1PheW5TW0JjScCtKnKivjzBbSMbrXXAY", "created_at": "2025-08-14T15:59:13.621Z", "expires_at": "2025-08-15T15:59:13Z"}}, {"model": "token_blacklist.outstandingtoken", "pk": 30, "fields": {"user": 5, "jti": "0673461119a042149aec2300606ba6c6", "token": "eyJhbGciOiJIUzI1NiIsInR5cCI6IkpXVCJ9.eyJ0b2tlbl90eXBlIjoicmVmcmVzaCIsImV4cCI6MTc1NTI3NzgwNiwiaWF0IjoxNzU1MTkxNDA2LCJqdGkiOiIwNjczNDYxMTE5YTA0MjE0OWFlYzIzMDA2MDZiYTZjNiIsInVzZXJfaWQiOiI1In0.h4IgX_IX5iRwavxEr3x3Y2kaSlLjJ8W2eKNKiSNQwYY", "created_at": "2025-08-14T17:10:06.945Z", "expires_at": "2025-08-15T17:10:06Z"}}, {"model": "token_blacklist.outstandingtoken", "pk": 31, "fields": {"user": 5, "jti": "09951dc8ccb349819e436d903f391e26", "token": "eyJhbGciOiJIUzI1NiIsInR5cCI6IkpXVCJ9.eyJ0b2tlbl90eXBlIjoicmVmcmVzaCIsImV4cCI6MTc1NTM0ODQ5NiwiaWF0IjoxNzU1MjYyMDk2LCJqdGkiOiIwOTk1MWRjOGNjYjM0OTgxOWU0MzZkOTAzZjM5MWUyNiIsInVzZXJfaWQiOiI1In0.9UZU6hRFj74AA7zEAVEvJOtqUoC7Znoj0nT6X_1X2Zs", "created_at": "2025-08-15T12:48:16.631Z", "expires_at": "2025-08-16T12:48:16Z"}}, {"model": "token_blacklist.outstandingtoken", "pk": 32, "fields": {"user": 5, "jti": "828cbbeb40b349e2a61864bc90f873ad", "token": "eyJhbGciOiJIUzI1NiIsInR5cCI6IkpXVCJ9.eyJ0b2tlbl90eXBlIjoicmVmcmVzaCIsImV4cCI6MTc1NTM1NTYxNCwiaWF0IjoxNzU1MjY5MjE0LCJqdGkiOiI4MjhjYmJlYjQwYjM0OWUyYTYxODY0YmM5MGY4NzNhZCIsInVzZXJfaWQiOiI1In0.S78WqXsR3R5iuUDPcRQ-B7fsI_Mhel7mUhlZVsrS_U4", "created_at": "2025-08-15T14:46:54.615Z", "expires_at": "2025-08-16T14:46:54Z"}}, {"model": "token_blacklist.outstandingtoken", "pk": 33, "fields": {"user": 5, "jti": "32c8e3e7860e4cb98342f8b013fbd80c", "token": "eyJhbGciOiJIUzI1NiIsInR5cCI6IkpXVCJ9.eyJ0b2tlbl90eXBlIjoicmVmcmVzaCIsImV4cCI6MTc1NTM1ODE5MCwiaWF0IjoxNzU1MjcxNzkwLCJqdGkiOiIzMmM4ZTNlNzg2MGU0Y2I5ODM0MmY4YjAxM2ZiZDgwYyIsInVzZXJfaWQiOiI1In0.diRFHS9H6UqvzHhQkmFSuZcCqQMLjT4SkXBvekX2eIE", "created_at": "2025-08-15T15:29:50.701Z", "expires_at": "2025-08-16T15:29:50Z"}}, {"model": "token_blacklist.outstandingtoken", "pk": 34, "fields": {"user": 5, "jti": "bc774cb1e0cc454b939bfe3d86744900", "token": "eyJhbGciOiJIUzI1NiIsInR5cCI6IkpXVCJ9.eyJ0b2tlbl90eXBlIjoicmVmcmVzaCIsImV4cCI6MTc1NTM2MTQ4NiwiaWF0IjoxNzU1Mjc1MDg2LCJqdGkiOiJiYzc3NGNiMWUwY2M0NTRiOTM5YmZlM2Q4Njc0NDkwMCIsInVzZXJfaWQiOiI1In0.BEnSoUzk2tFX9uqUc3z8r4rXmn6_8-MfTubIsZ8kQp0", "created_at": "2025-08-15T16:24:46.854Z", "expires_at": "2025-08-16T16:24:46Z"}}, {"model": "token_blacklist.outstandingtoken", "pk": 35, "fields": {"user": 5, "jti": "fff3d51df82a47fabbb73fc2338e5dbe", "token": "eyJhbGciOiJIUzI1NiIsInR5cCI6IkpXVCJ9.eyJ0b2tlbl90eXBlIjoicmVmcmVzaCIsImV4cCI6MTc1NTM2MTQ5OCwiaWF0IjoxNzU1Mjc1MDk4LCJqdGkiOiJmZmYzZDUxZGY4MmE0N2ZhYmJiNzNmYzIzMzhlNWRiZSIsInVzZXJfaWQiOiI1In0.uX70mCzZSOLbG9pXsB4lC8ZEUdPm3N6hI4PnTm5yN7A", "created_at": "2025-08-15T16:24:58.151Z", "expires_at": "2025-08-16T16:24:58Z"}}, {"model": "token_blacklist.outstandingtoken", "pk": 36, "fields": {"user": 5, "jti": "e4730012f727429dbdd49c53414f1451", "token": "eyJhbGciOiJIUzI1NiIsInR5cCI6IkpXVCJ9.eyJ0b2tlbl90eXBlIjoicmVmcmVzaCIsImV4cCI6MTc1NTM2MjUxNCwiaWF0IjoxNzU1Mjc2MTE0LCJqdGkiOiJlNDczMDAxMmY3Mjc0MjlkYmRkNDljNTM0MTRmMTQ1MSIsInVzZXJfaWQiOiI1In0.l4vs3rPQJrFgvW1lFLY-5Z0lwL7AEdfeAWvQj3hxzK4", "created_at": "2025-08-15T16:41:54.763Z", "expires_at": "2025-08-16T16:41:54Z"}}, {"model": "token_blacklist.outstandingtoken", "pk": 37, "fields": {"user": 5, "jti": "12dd3b21c0e747b6b8583491df4278e0", "token": "eyJhbGciOiJIUzI1NiIsInR5cCI6IkpXVCJ9.eyJ0b2tlbl90eXBlIjoicmVmcmVzaCIsImV4cCI6MTc1NTM2Mjg2NSwiaWF0IjoxNzU1Mjc2NDY1LCJqdGkiOiIxMmRkM2IyMWMwZTc0N2I2Yjg1ODM0OTFkZjQyNzhlMCIsInVzZXJfaWQiOiI1In0.RBW43rLsUv6ev7wUCD6KYshyMaWmLrMO3sDjpNeKw7I", "created_at": "2025-08-15T16:47:45.691Z", "expires_at": "2025-08-16T16:47:45Z"}}, {"model": "token_blacklist.outstandingtoken", "pk": 38, "fields": {"user": 5, "jti": "95620a0bb35748bd837eddfed444ebd6", "token": "eyJhbGciOiJIUzI1NiIsInR5cCI6IkpXVCJ9.eyJ0b2tlbl90eXBlIjoicmVmcmVzaCIsImV4cCI6MTc1NTM2MjkyMCwiaWF0IjoxNzU1Mjc2NTIwLCJqdGkiOiI5NTYyMGEwYmIzNTc0OGJkODM3ZWRkZmVkNDQ0ZWJkNiIsInVzZXJfaWQiOiI1In0.28MywPKjPK8b9STiwKpRjLqKM3PfDqDJk11x3EN0mCo", "created_at": "2025-08-15T16:48:40.317Z", "expires_at": "2025-08-16T16:48:40Z"}}, {"model": "token_blacklist.outstandingtoken", "pk": 39, "fields": {"user": 5, "jti": "22881a39894a48c2bb3b51592ec94272", "token": "eyJhbGciOiJIUzI1NiIsInR5cCI6IkpXVCJ9.eyJ0b2tlbl90eXBlIjoicmVmcmVzaCIsImV4cCI6MTc1NTQyMjg0OSwiaWF0IjoxNzU1MzM2NDQ5LCJqdGkiOiIyMjg4MWEzOTg5NGE0OGMyYmIzYjUxNTkyZWM5NDI3MiIsInVzZXJfaWQiOiI1In0.sYYoZ3idE5CcsqRj71rSTAJoaXkeokI0CLytU7Y5d38", "created_at": "2025-08-16T09:27:29.435Z", "expires_at": "2025-08-17T09:27:29Z"}}, {"model": "token_blacklist.outstandingtoken", "pk": 40, "fields": {"user": 5, "jti": "3aa6096bf1df4cbe89ae8203aecd694c", "token": "eyJhbGciOiJIUzI1NiIsInR5cCI6IkpXVCJ9.eyJ0b2tlbl90eXBlIjoicmVmcmVzaCIsImV4cCI6MTc1NTQyMzA5OSwiaWF0IjoxNzU1MzM2Njk5LCJqdGkiOiIzYWE2MDk2YmYxZGY0Y2JlODlhZTgyMDNhZWNkNjk0YyIsInVzZXJfaWQiOiI1IiwidXNlcm5hbWUiOiJ2YXRzbGF2In0.Ds-HnHS9bFxXZjPUqy5SKVKbjxVao02LvYn56MaflCM", "created_at": "2025-08-16T09:31:39.129Z", "expires_at": "2025-08-17T09:31:39Z"}}, {"model": "token_blacklist.outstandingtoken", "pk": 41, "fields": {"user": 5, "jti": "32844120053740738711698522e717fa", "token": "eyJhbGciOiJIUzI1NiIsInR5cCI6IkpXVCJ9.eyJ0b2tlbl90eXBlIjoicmVmcmVzaCIsImV4cCI6MTc1NTQyNDcyNCwiaWF0IjoxNzU1MzM4MzI0LCJqdGkiOiIzMjg0NDEyMDA1Mzc0MDczODcxMTY5ODUyMmU3MTdmYSIsInVzZXJfaWQiOiI1In0.BYtfkjHDFSDHV4hAKay22Y17jHtbjk-VFrcvSkFPFmM", "created_at": "2025-08-16T09:58:44.788Z", "expires_at": "2025-08-17T09:58:44Z"}}, {"model": "token_blacklist.outstandingtoken", "pk": 42, "fields": {"user": 5, "jti": "bce6f4d8a9f340ba837d48b04d1c92c5", "token": "eyJhbGciOiJIUzI1NiIsInR5cCI6IkpXVCJ9.eyJ0b2tlbl90eXBlIjoicmVmcmVzaCIsImV4cCI6MTc1NTQyNDk0MSwiaWF0IjoxNzU1MzM4NTQxLCJqdGkiOiJiY2U2ZjRkOGE5ZjM0MGJhODM3ZDQ4YjA0ZDFjOTJjNSIsInVzZXJfaWQiOiI1In0.mVXKnlUrdlo3KJWqtAgfaIj40EOu4fVbXcjn7spCMpg", "created_at": "2025-08-16T10:02:21.807Z", "expires_at": "2025-08-17T10:02:21Z"}}, {"model": "token_blacklist.outstandingtoken", "pk": 43, "fields": {"user": 5, "jti": "58a1dc0629cb48e98dc4aa41989a5347", "token": "eyJhbGciOiJIUzI1NiIsInR5cCI6IkpXVCJ9.eyJ0b2tlbl90eXBlIjoicmVmcmVzaCIsImV4cCI6MTc1NTQyNTE5MCwiaWF0IjoxNzU1MzM4NzkwLCJqdGkiOiI1OGExZGMwNjI5Y2I0OGU5OGRjNGFhNDE5ODlhNTM0NyIsInVzZXJfaWQiOiI1IiwidXNlcm5hbWUiOiJ2YXRzbGF2In0.A2OddOkUUPar-gaqjJkE2gGj_wLDfYX3EwhHMqxMGuQ", "created_at": "2025-08-16T10:06:30.130Z", "expires_at": "2025-08-17T10:06:30Z"}}, {"model": "token_blacklist.outstandingtoken", "pk": 44, "fields": {"user": 5, "jti": "25e9688305474e7c911bdca5eb70b7fd", "token": "eyJhbGciOiJIUzI1NiIsInR5cCI6IkpXVCJ9.eyJ0b2tlbl90eXBlIjoicmVmcmVzaCIsImV4cCI6MTc1NTQyNTYwNSwiaWF0IjoxNzU1MzM5MjA1LCJqdGkiOiIyNWU5Njg4MzA1NDc0ZTdjOTExYmRjYTVlYjcwYjdmZCIsInVzZXJfaWQiOiI1In0.A7Mowh3pv3yi55I3FSNYAx6C9_mYNbk2pobXjwFYZTw", "created_at": "2025-08-16T10:13:25.068Z", "expires_at": "2025-08-17T10:13:25Z"}}, {"model": "token_blacklist.outstandingtoken", "pk": 45, "fields": {"user": 5, "jti": "198dbe02613e4de3894d39dfc452a832", "token": "eyJhbGciOiJIUzI1NiIsInR5cCI6IkpXVCJ9.eyJ0b2tlbl90eXBlIjoicmVmcmVzaCIsImV4cCI6MTc1NTQyNTYxMCwiaWF0IjoxNzU1MzM5MjEwLCJqdGkiOiIxOThkYmUwMjYxM2U0ZGUzODk0ZDM5ZGZjNDUyYTgzMiIsInVzZXJfaWQiOiI1In0.2SF9k-6PlYUQ6FWi7LPh4q1sKhG0noogSA29FpItJrU", "created_at": "2025-08-16T10:13:30.588Z", "expires_at": "2025-08-17T10:13:30Z"}}, {"model": "token_blacklist.outstandingtoken", "pk": 46, "fields": {"user": 5, "jti": "6a6048fbcc044b24a475bb4c0d5b89d2", "token": "eyJhbGciOiJIUzI1NiIsInR5cCI6IkpXVCJ9.eyJ0b2tlbl90eXBlIjoicmVmcmVzaCIsImV4cCI6MTc1NTQyNTYxMCwiaWF0IjoxNzU1MzM5MjEwLCJqdGkiOiI2YTYwNDhmYmNjMDQ0YjI0YTQ3NWJiNGMwZDViODlkMiIsInVzZXJfaWQiOiI1In0.iEbLYwO30MKlrHdOfHyuCrTlKWikDyi_IHfNsx7wpl4", "created_at": "2025-08-16T10:13:30.829Z", "expires_at": "2025-08-17T10:13:30Z"}}, {"model": "token_blacklist.outstandingtoken", "pk": 47, "fields": {"user": 5, "jti": "fa381007220f492d9adc41f9d6120e5a", "token": "eyJhbGciOiJIUzI1NiIsInR5cCI6IkpXVCJ9.eyJ0b2tlbl90eXBlIjoicmVmcmVzaCIsImV4cCI6MTc1NTQyNTYxMiwiaWF0IjoxNzU1MzM5MjEyLCJqdGkiOiJmYTM4MTAwNzIyMGY0OTJkOWFkYzQxZjlkNjEyMGU1YSIsInVzZXJfaWQiOiI1In0.VQjHlXHL-9DEy1802OOlEmYMmuBjOskTVgfh3ftlD80", "created_at": "2025-08-16T10:13:32.656Z", "expires_at": "2025-08-17T10:13:32Z"}}, {"model": "token_blacklist.outstandingtoken", "pk": 48, "fields": {"user": 5, "jti": "f50e79e615ed4a1fb8dce5b6c89f2c05", "token": "eyJhbGciOiJIUzI1NiIsInR5cCI6IkpXVCJ9.eyJ0b2tlbl90eXBlIjoicmVmcmVzaCIsImV4cCI6MTc1NTQyNTYxNCwiaWF0IjoxNzU1MzM5MjE0LCJqdGkiOiJmNTBlNzllNjE1ZWQ0YTFmYjhkY2U1YjZjODlmMmMwNSIsInVzZXJfaWQiOiI1In0.eDLLXvl_lkn9hnQCrAGO7rjhDh2lG96pvBGjWAJvxzQ", "created_at": "2025-08-16T10:13:34.940Z", "expires_at": "2025-08-17T10:13:34Z"}}, {"model": "token_blacklist.outstandingtoken", "pk": 49, "fields": {"user": 5, "jti": "84d09ac78e4f4d9389ed6b1bc5b5191c", "token": "eyJhbGciOiJIUzI1NiIsInR5cCI6IkpXVCJ9.eyJ0b2tlbl90eXBlIjoicmVmcmVzaCIsImV4cCI6MTc1NTQyNTYxNSwiaWF0IjoxNzU1MzM5MjE1LCJqdGkiOiI4NGQwOWFjNzhlNGY0ZDkzODllZDZiMWJjNWI1MTkxYyIsInVzZXJfaWQiOiI1In0.JYe-fX7dX9raZPNV2eMT4wmypkaadT4Av1qnURogHwA", "created_at": "2025-08-16T10:13:35.400Z", "expires_at": "2025-08-17T10:13:35Z"}}, {"model": "token_blacklist.outstandingtoken", "pk": 50, "fields": {"user": 5, "jti": "1a4b7c551da4408ebdbc6a4692814c2d", "token": "eyJhbGciOiJIUzI1NiIsInR5cCI6IkpXVCJ9.eyJ0b2tlbl90eXBlIjoicmVmcmVzaCIsImV4cCI6MTc1NTQyNTYxNSwiaWF0IjoxNzU1MzM5MjE1LCJqdGkiOiIxYTRiN2M1NTFkYTQ0MDhlYmRiYzZhNDY5MjgxNGMyZCIsInVzZXJfaWQiOiI1In0.fFGaeNuizWdCDZ3zf7w-ctpDJdg-1M-3TeABhQLokIQ", "created_at": "2025-08-16T10:13:35.873Z", "expires_at": "2025-08-17T10:13:35Z"}}, {"model": "token_blacklist.outstandingtoken", "pk": 51, "fields": {"user": 5, "jti": "98448dcfadac4479bc9dcbb7f4e77e9b", "token": "eyJhbGciOiJIUzI1NiIsInR5cCI6IkpXVCJ9.eyJ0b2tlbl90eXBlIjoicmVmcmVzaCIsImV4cCI6MTc1NTQyNTYxNiwiaWF0IjoxNzU1MzM5MjE2LCJqdGkiOiI5ODQ0OGRjZmFkYWM0NDc5YmM5ZGNiYjdmNGU3N2U5YiIsInVzZXJfaWQiOiI1In0.eq-wmXZlNB-L5bQh55SKCRVvSNKQGMnNl1ZQ5oaob5M", "created_at": "2025-08-16T10:13:36.131Z", "expires_at": "2025-08-17T10:13:36Z"}}, {"model": "token_blacklist.outstandingtoken", "pk": 52, "fields": {"user": 5, "jti": "e85ee74b5ea444c681f5ee65911989d5", "token": "eyJhbGciOiJIUzI1NiIsInR5cCI6IkpXVCJ9.eyJ0b2tlbl90eXBlIjoicmVmcmVzaCIsImV4cCI6MTc1NTQyNTYxNiwiaWF0IjoxNzU1MzM5MjE2LCJqdGkiOiJlODVlZTc0YjVlYTQ0NGM2ODFmNWVlNjU5MTE5ODlkNSIsInVzZXJfaWQiOiI1In0.heaRJtpXRUGR7z95a3gmR7fcumc1XjtU1kQUFXCYYEg", "created_at": "2025-08-16T10:13:36.500Z", "expires_at": "2025-08-17T10:13:36Z"}}, {"model": "token_blacklist.outstandingtoken", "pk": 53, "fields": {"user": 5, "jti": "00b247289cd145ac93abd8d8ae29cfc3", "token": "eyJhbGciOiJIUzI1NiIsInR5cCI6IkpXVCJ9.eyJ0b2tlbl90eXBlIjoicmVmcmVzaCIsImV4cCI6MTc1NTQyNTYxNiwiaWF0IjoxNzU1MzM5MjE2LCJqdGkiOiIwMGIyNDcyODljZDE0NWFjOTNhYmQ4ZDhhZTI5Y2ZjMyIsInVzZXJfaWQiOiI1In0.jTbET7OtJNsBW_6hyp_6rQtDXTcAbVqMp4n18AhSNU8", "created_at": "2025-08-16T10:13:36.920Z", "expires_at": "2025-08-17T10:13:36Z"}}, {"model": "token_blacklist.outstandingtoken", "pk": 54, "fields": {"user": 5, "jti": "eb3d693dac1d49a19bc821f74de9eaa2", "token": "eyJhbGciOiJIUzI1NiIsInR5cCI6IkpXVCJ9.eyJ0b2tlbl90eXBlIjoicmVmcmVzaCIsImV4cCI6MTc1NTQyNTYyNSwiaWF0IjoxNzU1MzM5MjI1LCJqdGkiOiJlYjNkNjkzZGFjMWQ0OWExOWJjODIxZjc0ZGU5ZWFhMiIsInVzZXJfaWQiOiI1In0.D_GjrNAUFKsO16K3Tr-DddSiWagVcEA8UaqDx44PEfk", "created_at": "2025-08-16T10:13:45.961Z", "expires_at": "2025-08-17T10:13:45Z"}}, {"model": "token_blacklist.outstandingtoken", "pk": 55, "fields": {"user": 5, "jti": "baa7873db21047b2b17b1bf8da9919d1", "token": "eyJhbGciOiJIUzI1NiIsInR5cCI6IkpXVCJ9.eyJ0b2tlbl90eXBlIjoicmVmcmVzaCIsImV4cCI6MTc1NTQyNTYyNiwiaWF0IjoxNzU1MzM5MjI2LCJqdGkiOiJiYWE3ODczZGIyMTA0N2IyYjE3YjFiZjhkYTk5MTlkMSIsInVzZXJfaWQiOiI1In0.JV5iGSrvs31ueFKn8h7VMQbB50U8XugjbMrIqZDBE7I", "created_at": "2025-08-16T10:13:46.266Z", "expires_at": "2025-08-17T10:13:46Z"}}, {"model": "token_blacklist.outstandingtoken", "pk": 56, "fields": {"user": 5, "jti": "a683cc26e7484829bbdb80fb023ebe17", "token": "eyJhbGciOiJIUzI1NiIsInR5cCI6IkpXVCJ9.eyJ0b2tlbl90eXBlIjoicmVmcmVzaCIsImV4cCI6MTc1NTQyNTYzMiwiaWF0IjoxNzU1MzM5MjMyLCJqdGkiOiJhNjgzY2MyNmU3NDg0ODI5YmJkYjgwZmIwMjNlYmUxNyIsInVzZXJfaWQiOiI1In0.KegkH9PI0pSSnuOYbTJSjXbuOktXJIpqRGCvR-blO1M", "created_at": "2025-08-16T10:13:52.180Z", "expires_at": "2025-08-17T10:13:52Z"}}, {"model": "token_blacklist.outstandingtoken", "pk": 57, "fields": {"user": 5, "jti": "1933a72e2e974626a6ccff440451a9ee", "token": "eyJhbGciOiJIUzI1NiIsInR5cCI6IkpXVCJ9.eyJ0b2tlbl90eXBlIjoicmVmcmVzaCIsImV4cCI6MTc1NTQyNjgzMiwiaWF0IjoxNzU1MzQwNDMyLCJqdGkiOiIxOTMzYTcyZTJlOTc0NjI2YTZjY2ZmNDQwNDUxYTllZSIsInVzZXJfaWQiOiI1In0.u62-P2cl2R6_Ws9yYmAGEOa3mQkMncw0dejq_I2m_TU", "created_at": "2025-08-16T10:33:52.382Z", "expires_at": "2025-08-17T10:33:52Z"}}, {"model": "token_blacklist.outstandingtoken", "pk": 58, "fields": {"user": 5, "jti": "a0d681630c744d00b6caaa418cbb708d", "token": "eyJhbGciOiJIUzI1NiIsInR5cCI6IkpXVCJ9.eyJ0b2tlbl90eXBlIjoicmVmcmVzaCIsImV4cCI6MTc1NTQyNjg1NywiaWF0IjoxNzU1MzQwNDU3LCJqdGkiOiJhMGQ2ODE2MzBjNzQ0ZDAwYjZjYWFhNDE4Y2JiNzA4ZCIsInVzZXJfaWQiOiI1In0.OIjh9_PVoSxkKn4Qi35dn-M_ek7pVYp0Fg9EZJneA3g", "created_at": "2025-08-16T10:34:17.254Z", "expires_at": "2025-08-17T10:34:17Z"}}, {"model": "token_blacklist.outstandingtoken", "pk": 59, "fields": {"user": 5, "jti": "b03ea073998343948c1e2541fccbb46f", "token": "eyJhbGciOiJIUzI1NiIsInR5cCI6IkpXVCJ9.eyJ0b2tlbl90eXBlIjoicmVmcmVzaCIsImV4cCI6MTc1NTQyNzEwNCwiaWF0IjoxNzU1MzQwNzA0LCJqdGkiOiJiMDNlYTA3Mzk5ODM0Mzk0OGMxZTI1NDFmY2NiYjQ2ZiIsInVzZXJfaWQiOiI1IiwidXNlcm5hbWUiOiJ2YXRzbGF2In0.h4Gs2D-Os3T04uVTWnpaGPf396HU0-Mmto4dEM7raSs", "created_at": "2025-08-16T10:38:24.133Z", "expires_at": "2025-08-17T10:38:24Z"}}, {"model": "token_blacklist.outstandingtoken", "pk": 60, "fields": {"user": 5, "jti": "99c4f17521d34882b19f45c1e93ae870", "token": "eyJhbGciOiJIUzI1NiIsInR5cCI6IkpXVCJ9.eyJ0b2tlbl90eXBlIjoicmVmcmVzaCIsImV4cCI6MTc1NTQyNzEyMiwiaWF0IjoxNzU1MzQwNzIyLCJqdGkiOiI5OWM0ZjE3NTIxZDM0ODgyYjE5ZjQ1YzFlOTNhZTg3MCIsInVzZXJfaWQiOiI1In0.FE0DXv-NPTlMuy7wvtfocNjiJ4rU9MhvRHqkAns3y2A", "created_at": "2025-08-16T10:38:42.034Z", "expires_at": "2025-08-17T10:38:42Z"}}, {"model": "token_blacklist.outstandingtoken", "pk": 61, "fields": {"user": 5, "jti": "3617a7280ec143c38cd7bb331a9a7b60", "token": "eyJhbGciOiJIUzI1NiIsInR5cCI6IkpXVCJ9.eyJ0b2tlbl90eXBlIjoicmVmcmVzaCIsImV4cCI6MTc1NTQyNzEyNiwiaWF0IjoxNzU1MzQwNzI2LCJqdGkiOiIzNjE3YTcyODBlYzE0M2MzOGNkN2JiMzMxYTlhN2I2MCIsInVzZXJfaWQiOiI1In0.vZ78UHeaAg-yLVPvUrTAZQcpKCht1q-px8MEqwXLnz8", "created_at": "2025-08-16T10:38:46.012Z", "expires_at": "2025-08-17T10:38:46Z"}}, {"model": "token_blacklist.outstandingtoken", "pk": 62, "fields": {"user": 5, "jti": "407c23b1a3844190bfa545a9c5005bee", "token": "eyJhbGciOiJIUzI1NiIsInR5cCI6IkpXVCJ9.eyJ0b2tlbl90eXBlIjoicmVmcmVzaCIsImV4cCI6MTc1NTQyNzE0NiwiaWF0IjoxNzU1MzQwNzQ2LCJqdGkiOiI0MDdjMjNiMWEzODQ0MTkwYmZhNTQ1YTljNTAwNWJlZSIsInVzZXJfaWQiOiI1In0.v1L3Cgr0PldYPCTXsQutgjWh79spTBrK9BuhcN5NKUQ", "created_at": "2025-08-16T10:39:06.283Z", "expires_at": "2025-08-17T10:39:06Z"}}, {"model": "token_blacklist.outstandingtoken", "pk": 63, "fields": {"user": 5, "jti": "374816416f7441f5aee5e2157eaa5275", "token": "eyJhbGciOiJIUzI1NiIsInR5cCI6IkpXVCJ9.eyJ0b2tlbl90eXBlIjoicmVmcmVzaCIsImV4cCI6MTc1NTQzMDc5OSwiaWF0IjoxNzU1MzQ0Mzk5LCJqdGkiOiIzNzQ4MTY0MTZmNzQ0MWY1YWVlNWUyMTU3ZWFhNTI3NSIsInVzZXJfaWQiOiI1In0.tB9d2TQlpUloXGbRg2XP5BXxgFUQcwvYm-iVScHVaMs", "created_at": "2025-08-16T11:39:59.437Z", "expires_at": "2025-08-17T11:39:59Z"}}, {"model": "token_blacklist.outstandingtoken", "pk": 64, "fields": {"user": 5, "jti": "118b90337df84f48a3b601fcdc6311bf", "token": "eyJhbGciOiJIUzI1NiIsInR5cCI6IkpXVCJ9.eyJ0b2tlbl90eXBlIjoicmVmcmVzaCIsImV4cCI6MTc1NTQzMTA0NSwiaWF0IjoxNzU1MzQ0NjQ1LCJqdGkiOiIxMThiOTAzMzdkZjg0ZjQ4YTNiNjAxZmNkYzYzMTFiZiIsInVzZXJfaWQiOiI1IiwidXNlcm5hbWUiOiJ2YXRzbGF2IiwidHlwZSI6ImNhbmRpZGF0ZSJ9.eYNxQ_MYr6t_qSLrY2BGg-kWuN8Cq447iukUpKg0x-Q", "created_at": "2025-08-16T11:44:05.131Z", "expires_at": "2025-08-17T11:44:05Z"}}, {"model": "token_blacklist.outstandingtoken", "pk": 65, "fields": {"user": 5, "jti": "5e5dd95578fb43f49b35a5a6201050fc", "token": "eyJhbGciOiJIUzI1NiIsInR5cCI6IkpXVCJ9.eyJ0b2tlbl90eXBlIjoicmVmcmVzaCIsImV4cCI6MTc1NTQzMzY2MiwiaWF0IjoxNzU1MzQ3MjYyLCJqdGkiOiI1ZTVkZDk1NTc4ZmI0M2Y0OWIzNWE1YTYyMDEwNTBmYyIsInVzZXJfaWQiOiI1In0.qRU4EBomK5EnJj6Z9h__rhh8G9fApTO6d7O7j4wcl2c", "created_at": "2025-08-16T12:27:42.206Z", "expires_at": "2025-08-17T12:27:42Z"}}, {"model": "token_blacklist.outstandingtoken", "pk": 66, "fields": {"user": 5, "jti": "bbd8f2a25ca64c0c85cd808f5f50e84f", "token": "eyJhbGciOiJIUzI1NiIsInR5cCI6IkpXVCJ9.eyJ0b2tlbl90eXBlIjoicmVmcmVzaCIsImV4cCI6MTc1NTQzNTEyNiwiaWF0IjoxNzU1MzQ4NzI2LCJqdGkiOiJiYmQ4ZjJhMjVjYTY0YzBjODVjZDgwOGY1ZjUwZTg0ZiIsInVzZXJfaWQiOiI1IiwidXNlcm5hbWUiOiJ2YXRzbGF2IiwidHlwZSI6ImNhbmRpZGF0ZSJ9.x0rTpoAMa2sdqERQdguPXyPZCpU-nA0NdpDR89gn5yM", "created_at": "2025-08-16T12:52:06.135Z", "expires_at": "2025-08-17T12:52:06Z"}}, {"model": "token_blacklist.outstandingtoken", "pk": 67, "fields": {"user": 6, "jti": "23f9c9525e64457f83642481e42d94fe", "token": "eyJhbGciOiJIUzI1NiIsInR5cCI6IkpXVCJ9.eyJ0b2tlbl90eXBlIjoicmVmcmVzaCIsImV4cCI6MTc1NTQzNTI3OCwiaWF0IjoxNzU1MzQ4ODc4LCJqdGkiOiIyM2Y5Yzk1MjVlNjQ0NTdmODM2NDI0ODFlNDJkOTRmZSIsInVzZXJfaWQiOiI2In0.VIICx1eCITF5GadxdEvjavtU5TRL8BvmSAi-ZVR2XBM", "created_at": "2025-08-16T12:54:38.919Z", "expires_at": "2025-08-17T12:54:38Z"}}, {"model": "token_blacklist.outstandingtoken", "pk": 68, "fields": {"user": 7, "jti": "b3fab7ad9d67486abe4872021edda9e5", "token": "eyJhbGciOiJIUzI1NiIsInR5cCI6IkpXVCJ9.eyJ0b2tlbl90eXBlIjoicmVmcmVzaCIsImV4cCI6MTc1NTQzNjA3OSwiaWF0IjoxNzU1MzQ5Njc5LCJqdGkiOiJiM2ZhYjdhZDlkNjc0ODZhYmU0ODcyMDIxZWRkYTllNSIsInVzZXJfaWQiOiI3In0.DoIHpmg1F4vVA43ONTGjjlDGojmMRAHoYIW--Q46azs", "created_at": "2025-08-16T13:07:59.030Z", "expires_at": "2025-08-17T13:07:59Z"}}, {"model": "token_blacklist.outstandingtoken", "pk": 69, "fields": {"user": 7, "jti": "5293f549dd3040b0a15bfd6a3c034e74", "token": "eyJhbGciOiJIUzI1NiIsInR5cCI6IkpXVCJ9.eyJ0b2tlbl90eXBlIjoicmVmcmVzaCIsImV4cCI6MTc1NTQzNjMzMSwiaWF0IjoxNzU1MzQ5OTMxLCJqdGkiOiI1MjkzZjU0OWRkMzA0MGIwYTE1YmZkNmEzYzAzNGU3NCIsInVzZXJfaWQiOiI3IiwidXNlcm5hbWUiOiJ1c2VySFIiLCJ0eXBlIjoiSFIifQ.ZScRYEWrtilVOSEPtBWnGNCsSpJsKJ3l0X_RY2fGeZ8", "created_at": "2025-08-16T13:12:11.128Z", "expires_at": "2025-08-17T13:12:11Z"}}, {"model": "token_blacklist.outstandingtoken", "pk": 70, "fields": {"user": 6, "jti": "41aca32fe52b4d3faa93b2056951b249", "token": "eyJhbGciOiJIUzI1NiIsInR5cCI6IkpXVCJ9.eyJ0b2tlbl90eXBlIjoicmVmcmVzaCIsImV4cCI6MTc1NTQ0MDIzOSwiaWF0IjoxNzU1MzUzODM5LCJqdGkiOiI0MWFjYTMyZmU1MmI0ZDNmYWE5M2IyMDU2OTUxYjI0OSIsInVzZXJfaWQiOiI2In0.jqFbLcw_isTiXNOmQAftMryu_K4Q2d0tJiGL3SJdMTY", "created_at": "2025-08-16T14:17:19.652Z", "expires_at": "2025-08-17T14:17:19Z"}}, {"model": "token_blacklist.blacklistedtoken", "pk": 1, "fields": {"token": 20, "blacklisted_at": "2025-08-14T08:58:55.566Z"}}, {"model": "token_blacklist.blacklistedtoken", "pk": 2, "fields": {"token": 24, "blacklisted_at": "2025-08-14T08:59:38.882Z"}}, {"model": "token_blacklist.blacklistedtoken", "pk": 3, "fields": {"token": 25, "blacklisted_at": "2025-08-14T09:00:12.504Z"}}, {"model": "token_blacklist.blacklistedtoken", "pk": 4, "fields": {"token": 28, "blacklisted_at": "2025-08-14T15:59:13.631Z"}}, {"model": "token_blacklist.blacklistedtoken", "pk": 5, "fields": {"token": 39, "blacklisted_at": "2025-08-16T09:31:39.139Z"}}, {"model": "token_blacklist.blacklistedtoken", "pk": 6, "fields": {"token": 42, "blacklisted_at": "2025-08-16T10:06:30.140Z"}}, {"model": "token_blacklist.blacklistedtoken", "pk": 7, "fields": {"token": 58, "blacklisted_at": "2025-08-16T10:38:24.152Z"}}, {"model": "token_blacklist.blacklistedtoken", "pk": 8, "fields": {"token": 63, "blacklisted_at": "2025-08-16T11:44:05.139Z"}}, {"model": "token_blacklist.blacklistedtoken", "pk": 9, "fields": {"token": 65, "blacklisted_at": "2025-08-16T12:52:06.161Z"}}, {"model": "token_blacklist.blacklistedtoken", "pk": 10, "fields": {"token": 68, "blacklisted_at": "2025-08-16T13:12:11.133Z"}}, {"model": "users.users", "pk": 1, "fields": {"name": "Вацлав", "user": 1, "type": "HR", "description": "Мега крут", "interview_count_passed": 2, "positive_results": 1, "negative_results": 1, "interview_count_taken": 1}}, {"model": "users.users", "pk": 2, "fields": {"name": "Даник", "user": 2, "type": "HR", "description": "нормис", "interview_count_passed": 3, "positive_results": 2, "negative_results": 1, "interview_count_taken": 0}}, {"model": "users.users", "pk": 3, "fields": {"name": "ваня", "user": 4, "type": "candidate", "description": "крутой чел", "interview_count_passed": 1, "positive_results": 0, "negative_results": 1, "interview_count_taken": 0}}, {"model": "users.users", "pk": 4, "fields": {"name": "влад", "user": 3, "type": "candidate", "description": "тупень", "interview_count_passed": 4, "positive_results": 0, "negative_results": 4, "interview_count_taken": 0}}, {"model": "users.users", "pk": 5, "fields": {"name": "Вацлав Демешкевич", "user": 5, "type": "candidate", "description": "ботан", "interview_count_passed": 4, "positive_results": 5, "negative_results": -1, "interview_count_taken": 0}}, {"model": "users.users", "pk": 6, "fields": {"name": "пробник", "user": 6, "type": "admin", "description": "", "interview_count_passed": 0, "positive_results": 0, "negative_results": 0, "interview_count_taken": 0}}, {"model": "users.users", "pk": 7, "fields": {"name": "пробник2", "user": 7, "type": "HR", "description": "", "interview_count_passed": 0, "positive_results": 0, "negative_results": 0, "interview_count_taken": 0}}, {"model": "requests.request", "pk": 1, "fields": {"candidate": 1, "hr": 1, "description": "Хочу быть senior ML супергероем", "status": "accepted", "created_at": "2025-07-08T21:06:08.748Z", "updated_at": "2025-07-09T12:28:55.713Z", "interview_time": "1111-11-11T11:11:00Z"}}, {"model": "reports.report", "pk": 1, "fields": {"user_reporting": 1, "user_reported": 3, "admin": null, "description": "rthrthfghfthrt", "status": "waiting", "created_at": "2025-07-10T13:18:47.694Z", "updated_at": "2025-07-10T13:18:47.694Z"}}, {"model": "reports.report", "pk": 2, "fields": {"user_reporting": 1, "user_reported": 2, "admin": null, "description": "оекгоеапротепа", "status": "waiting", "created_at": "2025-07-10T13:20:34.758Z", "updated_at": "2025-07-10T13:20:34.758Z"}}]